Customer_ID,Age,Gender,Income,Balance,Account_Type,Credit_Score,Tenure
C001,25,Male,350000,45000,Savings,720,3
C002,32,Female,500000,75000,Current,680,5
C003,41,Male,650000,120000,Savings,750,8
C004,29,Female,420000,60000,Savings,710,4
C005,45,Male,800000,180000,Current,790,10
C006,36,Female,550000,95000,Savings,730,6
C007,52,Male,900000,250000,Current,810,12
C008,27,Female,300000,35000,Savings,690,2
C009,39,Male,620000,110000,Savings,760,7
C010,48,Female,750000,160000,Current,800,11
C011,31,Male,480000,65000,Savings,700,4
C012,44,Female,700000,140000,Current,780,9
C013,26,Male,380000,50000,Savings,710,3
C014,35,Female,520000,85000,Savings,740,6
C015,50,Male,850000,210000,Current,820,13
C016,28,Female,400000,55000,Savings,680,2
C017,43,Male,680000,130000,Savings,770,8
C018,37,Female,580000,100000,Current,750,7
C019,55,Male,950000,280000,Current,830,15
C020,30,Female,450000,70000,Savings,700,4
